id;comsumption_date;qty_consumed;free_field_1;free_field_2;last_modified;last_modified_by
1;2022-03-08T00:32:43;26483;multi-tasking transform capacitor;networks;2022-03-07T17:04:45;Movies Cambridgeshire
2;2022-03-07T16:49:59;58588;Planner;FTP;2022-03-07T17:38:05;Unbranded Cotton
3;2022-03-07T20:42:03;9769;Product;Japan;2022-03-07T21:43:38;functionalities input
4;2022-03-07T13:07:23;225;hacking Money;Tasty Cape;2022-03-07T22:25:19;connect Dynamic Representative
5;2022-03-07T15:32:41;61594;bandwidth-monitored ROI incubate;Shirt;2022-03-08T00:50:06;RAM Bacon end-to-end
6;2022-03-08T12:18:33;34635;magenta neural paradigms;Auto Fantastic;2022-03-07T21:47:45;deliverables Lights
7;2022-03-08T08:29:05;27421;evolve Azerbaijan Nepal;1080p;2022-03-08T12:35:40;Spur copying
8;2022-03-08T08:28:10;76839;Grocery recontextualize;payment;2022-03-08T08:42:10;Director Games
9;2022-03-08T12:17:44;62514;Regional 9(E.U.A.-9);mobile Future;2022-03-07T18:09:27;innovative withdrawal
10;2022-03-07T16:08:06;28866;Cambridgeshire Colorado synthesizing;Account digital Account;2022-03-08T10:37:00;Lira Fantastic
