id;name;start_date;end_date;department_name;budget;free_field_1;free_field_2;free_field_3;last_modified;last_modified_by
1;contextually-based Alaska Fresh;2022-03-08T00:07:58;2022-03-08T11:30:56;Architect Micronesia Health;alarm functionalities extensible;Total USB e-services;European Junctions digital;Account;2022-03-08T04:48:13;digital SMTP
2;Alley Practical;2022-03-08T11:20:56;2022-03-08T05:42:14;Licensed Beauty ROI;Prairie;neural;Central;Buckinghamshire Keyboard;2022-03-08T07:08:17;Kwacha Tennessee
3;Intelligent specifically magenta;2022-03-07T23:43:46;2022-03-07T14:52:44;Islands technologies Ringgit;Interactions;Gloves violet Account;pink;microchip index actuating;2022-03-07T15:31:46;Refined
4;Buckinghamshire Bacon services;2022-03-08T02:57:40;2022-03-07T20:58:48;Technician;synthesizing Gloves;Villages world-class;indexing Bedfordshire;Cambridgeshire Plastic green;2022-03-07T13:48:59;GB calculating
5;back-end;2022-03-08T00:10:50;2022-03-08T07:11:21;Plastic;Awesome;Practical;Towels Passage blue;Prairie;2022-03-07T20:36:36;networks Wisconsin hack
6;PCI Saint systemic;2022-03-08T08:49:29;2022-03-08T06:33:31;PCI Arabia;strategy black;conglomeration;system Handmade;Refined Borders scalable;2022-03-08T11:03:19;Pants Architect olive
7;connect salmon;2022-03-08T06:19:04;2022-03-07T23:56:25;Frozen GB invoice;CSS Computer;Investor invoice;B2C withdrawal Ball;York Designer;2022-03-08T10:50:33;Ridge methodology
8;Kwacha Fantastic;2022-03-08T04:14:35;2022-03-07T22:06:35;back systems;Savings;applications;Market;innovative coherent connecting;2022-03-08T06:24:46;Granite Buckinghamshire mint
9;Paradigm Franc;2022-03-07T20:42:04;2022-03-07T20:49:37;empower Incredible;Checking Functionality Director;copying bus;vortals grow vortals;JBOD Frozen Tennessee;2022-03-08T08:52:14;quantify
10;Concrete;2022-03-08T02:49:32;2022-03-08T00:54:50;SAS users Mountains;Georgia Toys program;enhance;solid Naira;driver;2022-03-07T18:38:09;olive AI Hawaii
