id;name;description;last_modified;last_modified_by
1;Chips Product;Grocery empower;2022-03-07T21:45:41;Berkshire
2;backing Plastic Associate;payment;2022-03-07T17:01:44;Guarani
3;payment Steel Re-engineered;generate back Pants;2022-03-08T07:14:45;Cambridgeshire Carolina
4;invoice;Health;2022-03-07T20:22:35;Computer Legacy
5;Stravenue transmitter e-commerce;Fish optimize streamline;2022-03-08T03:54:01;pink Dollar syndicate
6;silver payment;digital Executive;2022-03-08T04:58:45;Business-focused Michigan
7;Streets Web;Investment;2022-03-08T09:12:24;Avon Shirt Fresh
8;Ergonomic Rhode Crest;Granite;2022-03-08T08:22:52;RAM programming pixel
9;Illinois Implemented;Computers Manager;2022-03-08T07:49:40;Louisiana
10;Automotive;Sports Concrete;2022-03-07T21:43:53;Producer 24/7 California
