id;first_name;last_name;designation;business_title;login;password_hash;email;image_url;activated;lang_key;activation_key;reset_key;reset_date;mobile_no;one_time_password;otp_expiry_time;last_modified;last_modified_by
1;Dejon;Crona;Electronics array Ethiopia;Towels Ethiopian;Architect Marketing;Credit Spur orchid;Dion.Zemlak99@yahoo.com;haptic SMS Vista;true;Sleek silver navigate;array array Beauty;Malaysian;2022-03-08T12:22:08;e-tailers Integration;Cliff;2022-03-08T01:10:45;2022-03-08T10:35:29;withdrawal virtual executive
2;Alexanne;Watsica;Agent Freeway Liaison;Isle;Unbranded;Hong feed ivory;Woodrow98@hotmail.com;Berkshire;true;Fresh Dynamic;utilisation Gloves;composite;2022-03-07T15:19:45;end-to-end connect;Right-sized Saudi Cambridgeshire;2022-03-08T12:21:24;2022-03-07T19:55:22;USB
3;Eino;Prosacco;Ethiopia;emulation;Down-sized;Gorgeous;Julius_Kerluke84@yahoo.com;interface Ecuador Missouri;true;Tasty GB;Massachusetts seamless;Dynamic;2022-03-07T23:43:43;Principal;Ways;2022-03-08T09:25:37;2022-03-07T18:15:11;Buckinghamshire
4;Melissa;Blick;Frozen out-of-the-box;compress card;TCP Cambridgeshire card;Liaison Zimbabwe;Alessandro.Hirthe91@hotmail.com;Research Granite;true;Plastic;Orchestrator Buckinghamshire;hacking;2022-03-08T12:25:34;Soft experiences Plastic;Swaziland Cotton;2022-03-07T20:05:49;2022-03-07T22:46:32;Applications plum
5;Simone;Flatley;orchid Concrete Roads;payment redundant;Oro;Sleek;Sarah54@yahoo.com;Ergonomic Practical Division;true;e-tailers;mobile port;Chief;2022-03-08T06:22:25;Pizza orange feed;green;2022-03-08T12:18:12;2022-03-08T01:00:53;Senegal
6;Zakary;Smitham;Arkansas Metal Sleek;deposit Seychelles;Balanced;Philippine;Anna80@hotmail.com;Handmade;true;copying;invoice payment Frozen;Hills service-desk;2022-03-07T19:22:28;Metrics redundant invoice;Savings Chicken;2022-03-07T16:50:56;2022-03-07T13:54:00;Optimization Dakota withdrawal
7;Alena;McGlynn;cyan Harbors Global;workforce Organic Missouri;deploy solid;Tasty Team-oriented;Jennyfer.Nader@yahoo.com;Devolved reintermediate;true;payment;customized;generation transmitting bricks-and-clicks;2022-03-08T06:38:20;Fresh;monitor platforms;2022-03-08T12:11:16;2022-03-07T15:25:05;Illinois Accounts monitoring
8;Natalie;Rogahn;Refined;New strategic streamline;Japan Wyoming Re-contextualized;Licensed Profound;Jaden.Parker@yahoo.com;index set;true;Avon generate;Concrete;Orchestrator service-desk;2022-03-07T19:39:46;Fresh methodologies Sports;XML Principal protocol;2022-03-08T02:03:28;2022-03-08T08:56:28;Computers
9;Maria;Considine;invoice Stravenue CSS;virtual paradigms;fuchsia ADP;action-items dynamic Auto;Dalton.Herman@hotmail.com;Trinidad protocol Wooden;false;strategic Investment vortals;Division Home;RSS USB Account;2022-03-08T03:16:02;infrastructures Bedfordshire reserved;Fundamental bi-directional;2022-03-07T16:19:16;2022-03-07T21:20:48;reboot magenta fuchsia
10;Della;Jakubowski;value-added;parse scalable;networks;copying;Haylie21@hotmail.com;Account withdrawal Salad;true;Gloves deposit;Loan Kids THX;invoice;2022-03-08T09:58:08;Automotive Branding;Oklahoma website niches;2022-03-08T10:10:54;2022-03-07T17:28:59;Grass-roots Shirt
