id;tranfer_date;comment;status;source_ware_house;destination_ware_house;free_field_1;last_modified;last_modified_by
1;2022-03-08T10:01:28;models;REQUESTED;Mouse matrix robust;Dynamic;Ball Granite;2022-03-07T16:16:12;mobile implement
2;2022-03-08T11:20:40;syndicate Lead hacking;CANCELED;Rial;Advanced withdrawal Avon;Harbors gold Tactics;2022-03-07T21:53:12;synergy open-source compressing
3;2022-03-08T12:21:33;turquoise;RECEIVED;blue seize;Principal sexy;installation;2022-03-07T21:25:22;TCP
4;2022-03-07T18:29:10;Avon;CANCELED;neural;deposit Solomon;Granite;2022-03-08T08:18:52;hacking application
5;2022-03-07T23:52:07;implementation;CANCELED;Avon;cross-platform Marketing Markets;Salvador deposit;2022-03-08T04:42:56;target Wall
6;2022-03-07T18:21:37;Wyoming Tunisia Kids;REQUESTED;Hat projection static;Pound;invoice Denmark;2022-03-08T09:06:57;Metal reinvent
7;2022-03-07T16:57:06;multi-state Applications;CANCELED;withdrawal programming Practical;Idaho Home;expedite;2022-03-07T19:46:14;Electronics
8;2022-03-07T21:23:40;Kansas Litas;REQUESTED;Turkey;Garden Streamlined overriding;disintermediate Monaco;2022-03-07T21:40:19;Darussalam Account
9;2022-03-08T00:17:47;Computers Automotive Chips;COMPLETED;Profound Rustic;bandwidth IB;Bedfordshire;2022-03-08T04:22:01;FTP
10;2022-03-08T04:33:34;program;COMPLETED;Bedfordshire;magenta ADP;user Arkansas Danish;2022-03-07T14:28:45;bandwidth Cliffs withdrawal
