id;level;access_id;last_modified;last_modified_by
1;SECTION;74074;2022-03-08T02:40:17;override Multi-tiered
2;ROOT;45443;2022-03-08T01:43:52;Steel reciprocal
3;ROOT;19111;2022-03-08T00:24:57;Granite Bermudian
4;ROOT;31290;2022-03-07T21:20:31;synthesizing override state
5;SECTION;91170;2022-03-07T14:15:23;moratorium
6;SECTION;22386;2022-03-07T19:46:28;Trail enable Bike
7;SECTION;11434;2022-03-08T01:58:04;Regional
8;LAB;30013;2022-03-07T16:01:45;Toys Greece
9;SECTION;39146;2022-03-08T01:03:52;Metal incremental Towels
10;ROOT;57245;2022-03-07T22:55:33;compress
